ID,NAME,Email,Gender,Status
6073131a3211cb8006d1868b,The Hon. Akshata Sharma,hon_the_akshata_sharma@pagac-bailey.org,Male,Active
6073131a3211cb8006d1868c,Deeptimoy Patil,patil_deeptimoy@king.co,Male,Inactive
6073131a3211cb8006d1868d,Dhanvin Khatri MD,md_khatri_dhanvin@fay.net,Female,Inactive
6073131a3211cb8006d1868e,Chandramauli Abbott,chandramauli_abbott@littel.com,Female,Active
6073131a3211cb8006d1868f,Dandapaani Jain,dandapaani_jain@beatty.biz,Male,Active
6073131a3211cb8006d18690,Anila Guha,guha_anila@dubuque.co,Female,Active
6073131a3211cb8006d18691,Dr. Rohana Bandopadhyay,dr_bandopadhyay_rohana@heaney.co,Male,Active
6073131a3211cb8006d18692,Bandhul Patel,bandhul_patel@cremin.com,Male,Active
6073131a3211cb8006d18693,jimjim,vyctorhugoc@gmail.com.br,Male,Active
6073131a3211cb8006d18694,Rep. Bhaumik Adiga,rep_adiga_bhaumik@gleason-graham.net,Female,Inactive
6073131a3211cb8006d18695,Chandranath Singh,singh_chandranath@rohan-davis.name,Male,Active
6073131a3211cb8006d18696,Prof. Bhaumik Gill,bhaumik_prof_gill@dickinson-heller.name,Male,Active
6073131a3211cb8006d18697,Balachandra Chattopadhyay,chattopadhyay_balachandra@senger.biz,Male,Inactive
6073131a3211cb8006d18698,Deb Iyer Ret.,iyer_ret_deb@trantow-treutel.info,Male,Inactive
6073131a3211cb8006d18699,Brahmdev Deshpande,deshpande_brahmdev@carter.info,Male,Inactive
6073131a3211cb8006d1869a,Fr. Goutam Patil,patil_goutam_fr@conroy-metz.org,Male,Inactive
6073131a3211cb8006d1869b,Washington Luis Cabral da Silva,wluissilva@live.com,Male,Active
607313693211cb8006d1869f,Muskan Joshi,muskan.rastogi@infosys.com,Female,Awoesome
